Version,File_Name,LOC,LOC_TOUCHED,CHURN,AVERAGE_LOC_ADDED,MAX_LOC_ADDED,AVERAGE_CHURN,MAX_CHURN,NR,N_AUTH,N_FIX,Buggy
1,src/java/org/apache/avro/AvroRuntimeException.java,24,24,24,0,0,-24,-24,3,1,0,false
1,src/java/org/apache/avro/AvroTypeException.java,25,25,25,2,3,-6,3,4,1,0,false
1,src/java/org/apache/avro/Protocol.java,339,339,339,8,12,10,59,13,1,0,true
1,src/java/org/apache/avro/Schema.java,725,725,725,23,42,70,282,16,1,0,true
1,src/java/org/apache/avro/SchemaParseException.java,24,24,24,0,0,-24,-24,3,1,0,false
1,src/java/org/apache/avro/file/DataFileReader.java,218,218,218,0,1,-37,12,6,1,0,false
1,src/java/org/apache/avro/file/DataFileWriter.java,193,193,193,0,0,-37,3,6,1,0,true
1,src/java/org/apache/avro/file/SeekableFileInput.java,32,32,32,0,0,-32,-32,3,1,0,false
1,src/java/org/apache/avro/file/SeekableInput.java,36,36,36,0,0,-36,-36,3,1,0,true
1,src/java/org/apache/avro/generic/GenericArray.java,36,36,36,0,1,-11,1,4,1,0,false
1,src/java/org/apache/avro/generic/GenericData.java,279,279,279,3,8,-45,2,10,1,0,false
1,src/java/org/apache/avro/generic/GenericDatumReader.java,462,462,462,6,42,-30,139,15,1,0,true
1,src/java/org/apache/avro/generic/GenericDatumWriter.java,252,253,253,1,5,-47,2,9,1,0,true
1,src/java/org/apache/avro/generic/GenericFixed.java,24,24,24,0,0,0,0,1,1,0,false
1,src/java/org/apache/avro/generic/GenericRecord.java,28,28,28,0,0,-28,-28,3,1,0,false
1,src/java/org/apache/avro/generic/GenericRequestor.java,57,57,57,4,7,-11,0,6,1,0,false
1,src/java/org/apache/avro/generic/GenericResponder.java,54,54,54,1,2,-11,5,5,1,0,false
1,src/java/org/apache/avro/io/BinaryDecoder.java,300,300,300,5,5,5,5,2,1,0,true
1,src/java/org/apache/avro/io/BinaryEncoder.java,250,250,250,16,16,16,16,2,1,0,false
1,src/java/org/apache/avro/io/BlockingBinaryEncoder.java,622,622,622,0,0,0,0,1,1,0,true
1,src/java/org/apache/avro/io/DatumReader.java,37,38,38,0,1,-9,1,5,1,0,false
1,src/java/org/apache/avro/io/DatumWriter.java,35,35,35,0,1,-8,1,5,1,0,false
1,src/java/org/apache/avro/io/Decoder.java,287,287,287,1,1,-4,-4,2,1,0,true
1,src/java/org/apache/avro/io/Encoder.java,275,275,275,0,0,6,6,2,1,0,false
1,src/java/org/apache/avro/io/ParsingTable.java,383,383,383,0,0,0,0,1,1,0,false
1,src/java/org/apache/avro/io/ResolvingDecoder.java,223,223,223,0,0,0,0,1,1,0,false
1,src/java/org/apache/avro/io/ResolvingTable.java,489,489,489,0,0,0,0,1,1,0,false
1,src/java/org/apache/avro/io/ValidatingDecoder.java,358,358,358,0,0,0,0,1,1,0,false
1,src/java/org/apache/avro/io/ValidatingEncoder.java,225,225,225,0,0,0,0,1,1,0,false
1,src/java/org/apache/avro/ipc/AvroRemoteException.java,40,40,40,2,4,-10,4,4,1,0,false
1,src/java/org/apache/avro/ipc/ByteBufferInputStream.java,86,86,86,1,4,-18,0,6,1,0,false
1,src/java/org/apache/avro/ipc/ByteBufferOutputStream.java,87,87,87,0,0,-29,0,4,1,0,false
1,src/java/org/apache/avro/ipc/Requestor.java,183,183,183,3,13,-41,3,8,1,0,false
1,src/java/org/apache/avro/ipc/Responder.java,174,174,174,7,20,-32,0,9,1,0,false
1,src/java/org/apache/avro/ipc/SocketServer.java,110,110,110,13,23,-17,18,5,1,0,false
1,src/java/org/apache/avro/ipc/SocketTransceiver.java,93,93,93,0,0,-35,-6,4,1,0,false
1,src/java/org/apache/avro/ipc/Transceiver.java,42,42,42,0,0,-15,-2,4,1,0,false
1,src/java/org/apache/avro/reflect/FixedSize.java,30,30,30,0,0,0,0,1,1,0,true
1,src/java/org/apache/avro/reflect/ReflectData.java,244,244,244,2,8,-29,14,9,1,0,true
1,src/java/org/apache/avro/reflect/ReflectDatumReader.java,118,118,118,8,29,-13,30,8,1,0,true
1,src/java/org/apache/avro/reflect/ReflectDatumWriter.java,67,68,68,3,12,-6,13,8,1,0,true
1,src/java/org/apache/avro/reflect/ReflectRequestor.java,85,85,85,0,0,-17,8,5,1,0,true
1,src/java/org/apache/avro/reflect/ReflectResponder.java,124,124,124,1,5,-16,3,8,1,0,true
1,src/java/org/apache/avro/specific/ProtocolTask.java,105,105,105,1,2,-18,25,4,1,0,false
1,src/java/org/apache/avro/specific/SchemaTask.java,28,28,28,0,0,-9,0,4,1,0,false
1,src/java/org/apache/avro/specific/SpecificCompiler.java,269,269,269,1,4,-33,-4,12,1,0,false
1,src/java/org/apache/avro/specific/SpecificDatumReader.java,48,48,48,42,105,36,111,8,1,0,true
1,src/java/org/apache/avro/specific/SpecificDatumWriter.java,36,36,36,5,8,-2,7,6,1,0,true
1,src/java/org/apache/avro/specific/SpecificExceptionBase.java,40,40,40,0,0,0,0,1,1,0,false
1,src/java/org/apache/avro/specific/SpecificFixed.java,28,28,28,0,0,0,0,1,1,0,false
1,src/java/org/apache/avro/specific/SpecificRecord.java,28,28,28,1,2,-8,2,4,1,0,false
1,src/java/org/apache/avro/specific/SpecificRecordBase.java,64,64,64,0,0,0,0,1,1,0,false
1,src/java/org/apache/avro/specific/SpecificRequestor.java,56,56,56,0,1,-15,5,4,1,0,true
1,src/java/org/apache/avro/specific/SpecificResponder.java,41,41,41,3,5,-10,5,4,1,0,true
1,src/java/org/apache/avro/util/Utf8.java,80,80,80,0,0,-80,-80,3,1,0,false
1,src/test/java/org/apache/avro/RandomData.java,138,138,138,3,9,-25,-3,8,1,0,false
1,src/test/java/org/apache/avro/TestDataFile.java,141,141,141,9,22,-17,2,9,2,0,false
1,src/test/java/org/apache/avro/TestFsData.java,141,141,141,4,11,-18,23,6,1,0,false
1,src/test/java/org/apache/avro/TestProtocolGeneric.java,192,192,192,1,2,-7,29,9,1,0,false
1,src/test/java/org/apache/avro/TestProtocolReflect.java,39,39,39,7,13,-1,12,6,1,0,false
1,src/test/java/org/apache/avro/TestProtocolSpecific.java,167,167,167,10,17,-20,12,12,2,0,false
1,src/test/java/org/apache/avro/TestReflect.java,55,55,55,7,13,-6,9,6,1,0,true
1,src/test/java/org/apache/avro/TestSchema.java,233,233,233,4,11,-22,30,16,1,0,true
1,src/test/java/org/apache/avro/io/TestBinaryDecoder.java,78,78,78,0,0,0,0,1,1,0,false
1,src/test/java/org/apache/avro/io/TestBlockingIO.java,467,467,467,0,0,-17,-17,3,1,0,false
1,src/test/java/org/apache/avro/io/TestParsingTable.java,222,222,222,0,0,-17,-17,2,1,0,false
1,src/test/java/org/apache/avro/io/TestResolvingIO.java,360,360,360,0,0,-17,-17,2,1,0,false
1,src/test/java/org/apache/avro/io/TestResolvingTable.java,406,406,406,0,0,-17,-17,2,1,0,false
1,src/test/java/org/apache/avro/io/TestValidatingIO.java,647,647,647,0,0,-17,-17,2,1,0,false
1,src/test/java/org/apache/avro/test/TestInvocationReporter.java,35,35,35,0,0,0,0,1,1,0,false
1,src/test/java/org/apache/avro/test/TestOutputInterceptor.java,39,39,39,0,0,0,0,1,1,0,false
1,src/test/java/org/apache/avro/test/TestSuiteInterceptor.java,39,39,39,0,0,0,0,1,1,0,false
2,src/java/org/apache/avro/AvroRuntimeException.java,24,1,1,0,0,0,0,1,1,0,false
2,src/java/org/apache/avro/AvroTypeException.java,25,1,1,0,0,0,0,1,1,0,false
2,src/java/org/apache/avro/Protocol.java,341,3,3,0,0,0,0,2,1,1,false
2,src/java/org/apache/avro/Schema.java,728,52,6,8,25,-12,7,4,1,2,false
2,src/java/org/apache/avro/SchemaParseException.java,24,1,1,0,0,0,0,1,1,0,false
2,src/java/org/apache/avro/file/DataFileReader.java,218,1,1,0,0,0,0,1,1,0,true
2,src/java/org/apache/avro/file/DataFileWriter.java,206,14,14,0,0,-13,-13,2,1,1,true
2,src/java/org/apache/avro/file/SeekableFileInput.java,34,3,3,0,0,0,0,1,1,0,false
2,src/java/org/apache/avro/file/SeekableInput.java,36,1,1,0,0,0,0,2,1,1,false
2,src/java/org/apache/avro/generic/GenericArray.java,36,1,1,0,0,0,0,2,1,0,false
2,src/java/org/apache/avro/generic/GenericContainer.java,26,27,27,0,0,0,0,1,1,0,false
2,src/java/org/apache/avro/generic/GenericData.java,428,152,150,0,1,-63,4,3,1,0,true
2,src/java/org/apache/avro/generic/GenericDatumReader.java,462,5,1,0,2,0,0,4,1,1,true
2,src/java/org/apache/avro/generic/GenericDatumWriter.java,191,79,-61,73,77,68,72,3,1,1,true
2,src/java/org/apache/avro/generic/GenericFixed.java,24,0,0,0,0,0,0,1,1,0,false
2,src/java/org/apache/avro/generic/GenericRecord.java,24,-4,4,5,5,5,5,2,1,0,false
2,src/java/org/apache/avro/generic/GenericRequestor.java,57,1,1,0,0,0,0,1,1,0,false
2,src/java/org/apache/avro/generic/GenericResponder.java,54,1,1,0,0,0,0,1,1,0,false
2,src/java/org/apache/avro/io/BinaryData.java,192,192,192,46,46,85,86,3,1,0,false
2,src/java/org/apache/avro/io/BinaryDecoder.java,300,1,1,0,0,0,0,2,1,1,false
2,src/java/org/apache/avro/io/BinaryEncoder.java,250,1,1,0,0,0,0,1,1,0,false
2,src/java/org/apache/avro/io/BlockingBinaryEncoder.java,627,6,6,0,0,-5,-5,2,1,1,false
2,src/java/org/apache/avro/io/DatumReader.java,37,0,0,0,0,0,0,0,0,0,false
2,src/java/org/apache/avro/io/DatumWriter.java,35,1,1,0,0,0,0,1,1,0,false
2,src/java/org/apache/avro/io/Decoder.java,279,11,-7,0,1,0,0,3,1,1,false
2,src/java/org/apache/avro/io/Encoder.java,274,2,0,0,0,0,0,1,1,0,false
2,src/java/org/apache/avro/io/JsonDecoder.java,398,399,399,7,9,5,6,3,1,1,false
2,src/java/org/apache/avro/io/JsonEncoder.java,240,241,241,1,2,3,4,3,1,1,true
2,src/java/org/apache/avro/io/ParsingDecoder.java,74,75,75,0,0,-1,-1,2,1,0,false
2,src/java/org/apache/avro/io/ParsingEncoder.java,69,70,70,0,0,-17,-17,3,1,0,false
2,src/java/org/apache/avro/io/ResolvingDecoder.java,203,-17,91,0,0,-1,-1,2,1,0,false
2,src/java/org/apache/avro/io/ValidatingDecoder.java,229,-118,166,0,0,-1,-1,2,1,0,false
2,src/java/org/apache/avro/io/ValidatingEncoder.java,202,-2,64,0,0,-1,-1,2,1,0,false
2,src/java/org/apache/avro/io/parsing/JsonGrammarGenerator.java,102,103,103,0,0,-1,-1,2,1,0,true
2,src/java/org/apache/avro/io/parsing/Parser.java,144,145,145,0,0,-1,-1,2,1,0,true
2,src/java/org/apache/avro/io/parsing/ResolvingGrammarGenerator.java,337,338,338,0,0,0,0,3,1,1,false
2,src/java/org/apache/avro/io/parsing/SkipParser.java,94,95,95,0,0,-1,-1,2,1,0,false
2,src/java/org/apache/avro/io/parsing/Symbol.java,382,383,383,0,0,-1,-1,2,1,0,true
2,src/java/org/apache/avro/io/parsing/ValidatingGrammarGenerator.java,138,139,139,0,0,0,0,3,1,1,false
2,src/java/org/apache/avro/ipc/AvroRemoteException.java,40,1,1,0,0,0,0,1,1,0,false
2,src/java/org/apache/avro/ipc/ByteBufferInputStream.java,86,1,1,0,0,0,0,1,1,0,false
2,src/java/org/apache/avro/ipc/ByteBufferOutputStream.java,90,4,4,0,0,0,0,1,1,0,false
2,src/java/org/apache/avro/ipc/RPCContext.java,149,149,149,0,0,0,0,1,1,0,false
2,src/java/org/apache/avro/ipc/RPCPlugin.java,74,74,74,0,0,0,0,1,1,0,false
2,src/java/org/apache/avro/ipc/Requestor.java,231,49,49,0,0,-16,-16,2,1,0,false
2,src/java/org/apache/avro/ipc/Responder.java,221,48,48,0,0,-26,-26,2,1,0,false
2,src/java/org/apache/avro/ipc/SocketServer.java,110,1,1,0,0,0,0,1,1,0,false
2,src/java/org/apache/avro/ipc/SocketTransceiver.java,94,2,2,0,0,0,0,1,1,0,false
2,src/java/org/apache/avro/ipc/Transceiver.java,42,1,1,0,0,0,0,1,1,0,false
2,src/java/org/apache/avro/reflect/FixedSize.java,36,7,7,0,0,3,3,2,1,1,false
2,src/java/org/apache/avro/reflect/ReflectData.java,304,61,67,1,1,-38,-13,4,1,2,true
2,src/java/org/apache/avro/reflect/ReflectDatumReader.java,117,4,8,1,2,3,4,3,1,2,true
2,src/java/org/apache/avro/reflect/ReflectDatumWriter.java,65,26,0,12,14,22,27,7,1,4,true
2,src/java/org/apache/avro/reflect/ReflectRequestor.java,113,29,29,0,0,-6,0,4,1,1,false
2,src/java/org/apache/avro/reflect/ReflectResponder.java,128,5,5,0,0,2,4,3,1,1,true
2,src/java/org/apache/avro/specific/ProtocolTask.java,105,1,1,0,0,0,0,1,1,0,false
2,src/java/org/apache/avro/specific/SchemaTask.java,28,1,1,0,0,0,0,1,1,0,false
2,src/java/org/apache/avro/specific/SpecificCompiler.java,287,19,19,0,0,-3,1,4,1,0,true
2,src/java/org/apache/avro/specific/SpecificData.java,70,71,71,0,0,2,2,2,1,0,true
2,src/java/org/apache/avro/specific/SpecificDatumReader.java,47,2,0,0,0,0,0,2,1,1,true
2,src/java/org/apache/avro/specific/SpecificDatumWriter.java,35,2,0,0,0,0,0,2,1,1,false
2,src/java/org/apache/avro/specific/SpecificExceptionBase.java,40,1,1,0,0,0,0,2,1,0,false
2,src/java/org/apache/avro/specific/SpecificFixed.java,28,1,1,0,0,0,0,1,1,0,false
2,src/java/org/apache/avro/specific/SpecificRecord.java,27,0,2,1,1,1,1,2,1,0,false
2,src/java/org/apache/avro/specific/SpecificRecordBase.java,71,8,8,0,0,-3,-3,2,1,0,false
2,src/java/org/apache/avro/specific/SpecificRequestor.java,80,29,25,1,1,5,14,5,1,2,false
2,src/java/org/apache/avro/specific/SpecificResponder.java,40,2,0,0,0,0,0,2,1,1,true
2,src/java/org/apache/avro/util/Utf8.java,87,7,7,2,2,-5,-5,2,1,0,false
2,src/test/java/org/apache/avro/BarRecord.java,53,53,53,0,0,11,18,3,1,2,true
2,src/test/java/org/apache/avro/FooRecord.java,47,47,47,0,0,14,14,2,1,1,false
2,src/test/java/org/apache/avro/GenerateBlockingData.java,85,85,85,0,0,0,0,1,1,1,false
2,src/test/java/org/apache/avro/RPCMetaTestPlugin.java,176,176,176,0,0,0,0,1,1,0,false
2,src/test/java/org/apache/avro/RandomData.java,139,1,1,0,0,0,0,1,1,0,false
2,src/test/java/org/apache/avro/TestCompare.java,222,222,222,2,2,3,4,3,1,0,false
2,src/test/java/org/apache/avro/TestDataFile.java,141,0,0,0,0,0,0,1,1,0,false
2,src/test/java/org/apache/avro/TestDataFileReflect.java,176,176,176,0,0,-17,0,3,1,2,true
2,src/test/java/org/apache/avro/TestFsData.java,139,-2,2,0,0,0,0,1,1,0,false
2,src/test/java/org/apache/avro/TestProtocolGeneric.java,192,14,0,0,0,0,0,2,1,0,false
2,src/test/java/org/apache/avro/TestProtocolGenericMeta.java,42,42,42,0,0,0,0,1,1,0,false
2,src/test/java/org/apache/avro/TestProtocolReflect.java,39,0,0,0,0,0,0,1,1,0,true
2,src/test/java/org/apache/avro/TestProtocolReflectMeta.java,45,45,45,0,0,0,0,1,1,0,false
2,src/test/java/org/apache/avro/TestProtocolSpecific.java,167,10,0,0,0,0,0,2,1,0,true
2,src/test/java/org/apache/avro/TestProtocolSpecificMeta.java,46,46,46,0,0,0,0,1,1,0,false
2,src/test/java/org/apache/avro/TestReflect.java,155,100,112,6,9,-21,0,4,1,2,true
2,src/test/java/org/apache/avro/TestSchema.java,292,65,59,0,1,-22,2,4,1,1,true
2,src/test/java/org/apache/avro/io/TestBinaryDecoder.java,78,0,0,0,0,0,0,1,1,0,false
2,src/test/java/org/apache/avro/io/TestBlockingIO.java,483,16,16,0,0,0,0,1,1,0,false
2,src/test/java/org/apache/avro/io/TestBlockingIO2.java,163,163,163,0,0,0,0,1,1,1,false
2,src/test/java/org/apache/avro/io/TestResolvingIO.java,213,43,33,68,68,81,81,2,1,0,false
2,src/test/java/org/apache/avro/io/TestResolvingIO_resolving.java,120,120,120,0,0,-17,-17,2,1,0,false
2,src/test/java/org/apache/avro/io/TestValidatingIO.java,844,207,319,9,9,-3,-3,2,1,0,false
3,src/java/org/apache/avro/AvroRuntimeException.java,25,1,1,0,0,0,0,1,1,0,false
3,src/java/org/apache/avro/AvroTypeException.java,25,0,0,0,0,0,0,0,0,0,false
3,src/java/org/apache/avro/Protocol.java,354,13,13,0,0,0,0,1,1,0,true
3,src/java/org/apache/avro/Schema.java,775,56,60,0,0,0,0,1,1,0,true
3,src/java/org/apache/avro/SchemaParseException.java,25,1,1,0,0,0,0,1,1,0,false
3,src/java/org/apache/avro/file/DataFileConstants.java,38,38,38,0,0,0,0,1,1,1,false
3,src/java/org/apache/avro/file/DataFileReader.java,226,8,8,0,0,0,0,1,1,1,false
3,src/java/org/apache/avro/file/DataFileWriter.java,199,9,-7,0,0,0,0,1,1,1,false
3,src/java/org/apache/avro/file/SeekableFileInput.java,34,0,0,0,0,0,0,0,0,0,false
3,src/java/org/apache/avro/file/SeekableInput.java,36,0,0,0,0,0,0,0,0,0,false
3,src/java/org/apache/avro/generic/GenericArray.java,36,0,0,0,0,0,0,0,0,0,false
3,src/java/org/apache/avro/generic/GenericContainer.java,26,0,0,0,0,0,0,0,0,0,false
3,src/java/org/apache/avro/generic/GenericData.java,441,13,13,0,0,-1,-1,2,1,1,true
3,src/java/org/apache/avro/generic/GenericDatumReader.java,465,3,3,0,0,0,0,1,1,0,true
3,src/java/org/apache/avro/generic/GenericDatumWriter.java,191,0,0,0,0,0,0,0,0,0,true
3,src/java/org/apache/avro/generic/GenericFixed.java,24,0,0,0,0,0,0,0,0,0,false
3,src/java/org/apache/avro/generic/GenericRecord.java,24,0,0,0,0,0,0,0,0,0,false
3,src/java/org/apache/avro/generic/GenericRequestor.java,57,0,0,0,0,0,0,0,0,0,false
3,src/java/org/apache/avro/generic/GenericResponder.java,54,0,0,0,0,0,0,0,0,0,false
3,src/java/org/apache/avro/io/BinaryData.java,192,0,0,0,0,0,0,0,0,0,false
3,src/java/org/apache/avro/io/BinaryDecoder.java,300,0,0,0,0,0,0,0,0,0,false
3,src/java/org/apache/avro/io/BinaryEncoder.java,250,0,0,0,0,0,0,0,0,0,false
3,src/java/org/apache/avro/io/BlockingBinaryEncoder.java,627,0,0,0,0,0,0,0,0,0,false
3,src/java/org/apache/avro/io/DatumReader.java,37,0,0,0,0,0,0,0,0,0,false
3,src/java/org/apache/avro/io/DatumWriter.java,35,0,0,0,0,0,0,0,0,0,false
3,src/java/org/apache/avro/io/Decoder.java,279,0,0,0,0,0,0,0,0,0,false
3,src/java/org/apache/avro/io/Encoder.java,274,0,0,0,0,0,0,0,0,0,false
3,src/java/org/apache/avro/io/JsonDecoder.java,398,0,0,0,0,0,0,0,0,0,false
3,src/java/org/apache/avro/io/JsonEncoder.java,238,-2,2,0,0,0,0,1,1,1,false
3,src/java/org/apache/avro/io/ParsingDecoder.java,74,0,0,0,0,0,0,0,0,0,false
3,src/java/org/apache/avro/io/ParsingEncoder.java,69,0,0,0,0,0,0,0,0,0,false
3,src/java/org/apache/avro/io/ResolvingDecoder.java,203,0,0,0,0,0,0,0,0,0,false
3,src/java/org/apache/avro/io/ValidatingDecoder.java,229,0,0,0,0,0,0,0,0,0,false
3,src/java/org/apache/avro/io/ValidatingEncoder.java,202,0,0,0,0,0,0,0,0,0,false
3,src/java/org/apache/avro/io/parsing/JsonGrammarGenerator.java,101,-1,1,0,0,0,0,1,1,1,false
3,src/java/org/apache/avro/io/parsing/Parser.java,165,21,21,0,0,0,0,1,1,1,false
3,src/java/org/apache/avro/io/parsing/ResolvingGrammarGenerator.java,337,0,0,0,0,0,0,0,0,0,false
3,src/java/org/apache/avro/io/parsing/SkipParser.java,94,0,0,0,0,0,0,0,0,0,false
3,src/java/org/apache/avro/io/parsing/Symbol.java,381,1,-1,0,0,0,0,1,1,1,false
3,src/java/org/apache/avro/io/parsing/ValidatingGrammarGenerator.java,138,0,0,0,0,0,0,0,0,0,false
3,src/java/org/apache/avro/ipc/AvroRemoteException.java,40,0,0,0,0,0,0,0,0,0,false
3,src/java/org/apache/avro/ipc/ByteBufferInputStream.java,86,0,0,0,0,0,0,0,0,0,false
3,src/java/org/apache/avro/ipc/ByteBufferOutputStream.java,90,0,0,0,0,0,0,0,0,0,false
3,src/java/org/apache/avro/ipc/DatagramServer.java,78,79,79,0,0,0,0,1,1,0,false
3,src/java/org/apache/avro/ipc/DatagramTransceiver.java,84,84,84,0,0,0,0,1,1,0,false
3,src/java/org/apache/avro/ipc/HttpServer.java,59,59,59,22,22,25,25,2,1,0,false
3,src/java/org/apache/avro/ipc/HttpTransceiver.java,117,118,118,0,0,-2,-2,3,1,0,false
3,src/java/org/apache/avro/ipc/RPCContext.java,149,0,0,0,0,0,0,1,1,0,false
3,src/java/org/apache/avro/ipc/RPCPlugin.java,74,0,0,0,0,0,0,1,1,0,false
3,src/java/org/apache/avro/ipc/Requestor.java,230,-1,5,0,0,0,0,2,1,0,false
3,src/java/org/apache/avro/ipc/Responder.java,208,3,-3,0,0,0,0,2,1,0,false
3,src/java/org/apache/avro/ipc/ResponderServlet.java,55,56,56,0,0,0,0,1,1,0,false
3,src/java/org/apache/avro/ipc/Server.java,29,29,29,0,0,0,0,1,1,0,false
3,src/java/org/apache/avro/ipc/SocketServer.java,110,0,0,0,0,0,0,1,1,0,false
3,src/java/org/apache/avro/ipc/SocketTransceiver.java,96,10,2,0,0,0,0,1,1,0,false
3,src/java/org/apache/avro/ipc/Transceiver.java,42,0,0,0,0,0,0,0,0,0,false
3,src/java/org/apache/avro/reflect/FixedSize.java,36,0,0,0,0,0,0,0,0,0,false
3,src/java/org/apache/avro/reflect/ReflectData.java,355,56,56,0,0,0,0,1,1,0,true
3,src/java/org/apache/avro/reflect/ReflectDatumReader.java,100,15,-15,0,0,0,0,1,1,0,true
3,src/java/org/apache/avro/reflect/ReflectDatumWriter.java,73,8,8,0,0,0,0,1,1,0,true
3,src/java/org/apache/avro/reflect/ReflectRequestor.java,111,2,-2,0,0,0,0,1,1,0,false
3,src/java/org/apache/avro/reflect/ReflectResponder.java,99,29,-29,0,0,0,0,1,1,0,true
3,src/java/org/apache/avro/specific/ProtocolTask.java,79,-22,22,0,0,0,0,1,1,0,false
3,src/java/org/apache/avro/specific/SchemaTask.java,28,0,0,0,0,0,0,1,1,0,false
3,src/java/org/apache/avro/specific/SpecificCompiler.java,309,28,158,0,0,-1,-1,3,2,2,true
3,src/java/org/apache/avro/specific/SpecificData.java,94,29,27,0,0,0,0,1,1,0,true
3,src/java/org/apache/avro/specific/SpecificDatumReader.java,45,-2,6,0,0,0,0,1,1,0,true
3,src/java/org/apache/avro/specific/SpecificDatumWriter.java,39,4,4,0,0,0,0,1,1,0,false
3,src/java/org/apache/avro/specific/SpecificExceptionBase.java,40,0,0,0,0,0,0,0,0,0,true
3,src/java/org/apache/avro/specific/SpecificFixed.java,28,0,0,0,0,0,0,0,0,0,false
3,src/java/org/apache/avro/specific/SpecificRecord.java,27,0,0,0,0,0,0,0,0,0,false
3,src/java/org/apache/avro/specific/SpecificRecordBase.java,71,0,0,0,0,0,0,0,0,0,true
3,src/java/org/apache/avro/specific/SpecificRequestor.java,80,0,0,0,0,0,0,1,1,0,false
3,src/java/org/apache/avro/specific/SpecificResponder.java,40,0,0,0,0,0,0,1,1,0,true
3,src/java/org/apache/avro/util/Utf8.java,87,0,0,0,0,0,0,0,0,0,false
3,src/test/java/org/apache/avro/BarRecord.java,53,0,0,0,0,0,0,0,0,0,true
3,src/test/java/org/apache/avro/FooRecord.java,47,0,0,0,0,0,0,0,0,0,false
3,src/test/java/org/apache/avro/GenerateBlockingData.java,85,0,0,0,0,0,0,0,0,0,false
3,src/test/java/org/apache/avro/RPCMetaTestPlugin.java,174,-2,2,0,0,0,0,1,1,0,false
3,src/test/java/org/apache/avro/RandomData.java,139,0,0,0,0,0,0,0,0,0,false
3,src/test/java/org/apache/avro/TestBulkData.java,110,110,110,0,0,0,0,1,1,0,false
3,src/test/java/org/apache/avro/TestCompare.java,225,3,5,0,0,0,0,1,1,0,true
3,src/test/java/org/apache/avro/TestDataFile.java,141,0,0,0,0,0,0,1,1,0,true
3,src/test/java/org/apache/avro/TestDataFileReflect.java,234,58,58,0,0,-58,-58,2,1,1,false
3,src/test/java/org/apache/avro/TestNamespaceReflect.java,39,39,39,0,0,0,0,1,1,0,false
3,src/test/java/org/apache/avro/TestNamespaceSpecific.java,98,98,98,0,0,0,0,1,1,0,false
3,src/test/java/org/apache/avro/TestProtocolDatagram.java,42,42,42,0,0,0,0,1,1,0,false
3,src/test/java/org/apache/avro/TestProtocolGeneric.java,192,0,0,0,0,0,0,1,1,0,false
3,src/test/java/org/apache/avro/TestProtocolGenericMeta.java,42,0,0,0,0,0,0,0,0,0,false
3,src/test/java/org/apache/avro/TestProtocolHttp.java,41,41,41,0,0,0,0,1,1,0,false
3,src/test/java/org/apache/avro/TestProtocolReflect.java,39,0,0,0,0,0,0,0,0,0,true
3,src/test/java/org/apache/avro/TestProtocolReflectMeta.java,45,0,0,0,0,0,0,0,0,0,false
3,src/test/java/org/apache/avro/TestProtocolSpecific.java,175,8,8,0,0,-7,-7,3,1,1,false
3,src/test/java/org/apache/avro/TestProtocolSpecificMeta.java,46,0,0,0,0,0,0,0,0,0,false
3,src/test/java/org/apache/avro/TestReflect.java,144,11,-11,0,0,0,0,1,1,0,true
3,src/test/java/org/apache/avro/TestSchema.java,295,3,3,0,0,0,0,1,1,1,true
3,src/test/java/org/apache/avro/io/TestBinaryDecoder.java,78,0,0,0,0,0,0,0,0,0,false
3,src/test/java/org/apache/avro/io/TestBlockingIO.java,483,0,0,0,0,0,0,0,0,0,false
3,src/test/java/org/apache/avro/io/TestBlockingIO2.java,163,0,0,0,0,0,0,0,0,0,false
3,src/test/java/org/apache/avro/io/TestResolvingIO.java,213,0,0,0,0,0,0,0,0,0,false
3,src/test/java/org/apache/avro/io/TestResolvingIO_resolving.java,120,0,0,0,0,0,0,0,0,0,false
3,src/test/java/org/apache/avro/io/TestValidatingIO.java,844,0,0,0,0,0,0,0,0,0,false
4,lang/java/src/java/org/apache/avro/AvroRuntimeException.java,28,29,29,0,0,0,0,1,1,1,false
4,lang/java/src/java/org/apache/avro/AvroTypeException.java,28,29,29,0,0,0,0,1,1,1,false
4,lang/java/src/java/org/apache/avro/Protocol.java,387,388,388,0,1,0,1,3,2,1,false
4,lang/java/src/java/org/apache/avro/Schema.java,1087,1087,1087,1,1,-51,-43,7,3,3,false
4,lang/java/src/java/org/apache/avro/SchemaParseException.java,25,26,26,0,0,0,0,1,1,1,false
4,lang/java/src/java/org/apache/avro/file/Codec.java,50,50,50,2,4,17,19,4,2,1,false
4,lang/java/src/java/org/apache/avro/file/CodecFactory.java,76,76,76,0,0,-6,-6,2,2,1,false
4,lang/java/src/java/org/apache/avro/file/DataFileConstants.java,38,38,38,1,1,-1,-1,3,2,1,false
4,lang/java/src/java/org/apache/avro/file/DataFileReader.java,168,169,169,16,30,17,36,3,1,1,false
4,lang/java/src/java/org/apache/avro/file/DataFileStream.java,267,268,268,8,15,-24,-7,6,2,2,false
4,lang/java/src/java/org/apache/avro/file/DataFileWriter.java,374,374,374,6,10,-77,-49,6,2,1,false
4,lang/java/src/java/org/apache/avro/file/DeflateCodec.java,145,145,145,4,6,4,5,5,2,1,false
4,lang/java/src/java/org/apache/avro/file/LengthLimitedInputStream.java,85,85,85,0,0,0,0,1,1,1,false
4,lang/java/src/java/org/apache/avro/file/NullCodec.java,64,64,64,6,6,16,17,5,2,1,false
4,lang/java/src/java/org/apache/avro/file/SeekableFileInput.java,36,37,37,0,0,0,0,1,1,1,false
4,lang/java/src/java/org/apache/avro/file/SeekableInput.java,36,37,37,0,0,0,0,1,1,1,false
4,lang/java/src/java/org/apache/avro/generic/GenericArray.java,36,37,37,0,0,0,0,1,1,1,false
4,lang/java/src/java/org/apache/avro/generic/GenericContainer.java,26,27,27,0,0,0,0,1,1,1,false
4,lang/java/src/java/org/apache/avro/generic/GenericData.java,491,491,491,4,4,6,8,6,3,4,false
4,lang/java/src/java/org/apache/avro/generic/GenericDatumReader.java,354,355,355,104,141,112,152,5,3,2,false
4,lang/java/src/java/org/apache/avro/generic/GenericDatumWriter.java,196,197,197,1,1,1,1,3,2,2,false
4,lang/java/src/java/org/apache/avro/generic/GenericFixed.java,24,24,24,0,0,0,0,1,1,1,false
4,lang/java/src/java/org/apache/avro/generic/GenericRecord.java,27,27,27,4,4,5,5,2,1,2,false
4,lang/java/src/java/org/apache/avro/generic/GenericRequestor.java,55,56,56,0,0,0,0,1,1,1,true
4,lang/java/src/java/org/apache/avro/generic/GenericResponder.java,54,55,55,0,0,0,0,1,1,1,true
4,lang/java/src/java/org/apache/avro/generic/IndexedRecord.java,26,26,26,0,0,0,0,1,1,2,false
4,lang/java/src/java/org/apache/avro/io/BinaryData.java,187,187,187,14,15,14,15,3,2,1,false
4,lang/java/src/java/org/apache/avro/io/BinaryDecoder.java,983,983,983,47,49,-370,-362,4,2,1,false
4,lang/java/src/java/org/apache/avro/io/BinaryEncoder.java,252,253,253,0,0,2,2,2,2,2,false
4,lang/java/src/java/org/apache/avro/io/BlockingBinaryEncoder.java,620,621,621,1,1,2,2,2,2,2,false
4,lang/java/src/java/org/apache/avro/io/DatumReader.java,37,38,38,0,0,0,0,1,1,1,false
4,lang/java/src/java/org/apache/avro/io/DatumWriter.java,35,36,36,0,0,0,0,1,1,1,false
4,lang/java/src/java/org/apache/avro/io/Decoder.java,286,287,287,0,0,-7,-7,2,1,1,false
4,lang/java/src/java/org/apache/avro/io/DecoderFactory.java,232,232,232,0,0,0,0,1,1,1,false
4,lang/java/src/java/org/apache/avro/io/DirectBinaryDecoder.java,203,203,203,0,0,0,0,1,1,1,false
4,lang/java/src/java/org/apache/avro/io/Encoder.java,270,271,271,0,0,0,0,1,1,1,false
4,lang/java/src/java/org/apache/avro/io/JsonDecoder.java,425,426,426,0,0,-1,-1,6,2,2,false
4,lang/java/src/java/org/apache/avro/io/JsonEncoder.java,244,245,245,0,0,6,6,6,2,3,false
4,lang/java/src/java/org/apache/avro/io/ParsingDecoder.java,74,75,75,0,0,0,0,1,1,1,false
4,lang/java/src/java/org/apache/avro/io/ParsingEncoder.java,69,70,70,0,0,0,0,1,1,1,false
4,lang/java/src/java/org/apache/avro/io/ResolvingDecoder.java,228,229,229,2,4,24,33,11,2,2,false
4,lang/java/src/java/org/apache/avro/io/ValidatingDecoder.java,231,232,232,0,0,-1,0,6,2,2,false
4,lang/java/src/java/org/apache/avro/io/ValidatingEncoder.java,202,203,203,0,0,0,0,5,2,2,false
4,lang/java/src/java/org/apache/avro/io/parsing/JsonGrammarGenerator.java,99,100,100,1,2,1,2,5,2,1,false
4,lang/java/src/java/org/apache/avro/io/parsing/Parser.java,191,192,192,5,7,-3,14,6,2,2,false
4,lang/java/src/java/org/apache/avro/io/parsing/ResolvingGrammarGenerator.java,447,448,448,4,8,61,112,10,2,3,false
4,lang/java/src/java/org/apache/avro/io/parsing/SkipParser.java,95,96,96,0,0,0,0,6,2,2,false
4,lang/java/src/java/org/apache/avro/io/parsing/Symbol.java,549,550,550,11,15,-98,15,10,2,2,false
4,lang/java/src/java/org/apache/avro/io/parsing/ValidatingGrammarGenerator.java,136,137,137,1,2,1,2,5,2,1,false
4,lang/java/src/java/org/apache/avro/ipc/AvroRemoteException.java,40,41,41,0,0,0,0,1,1,1,false
4,lang/java/src/java/org/apache/avro/ipc/ByteBufferInputStream.java,86,87,87,0,0,0,0,1,1,1,false
4,lang/java/src/java/org/apache/avro/ipc/ByteBufferOutputStream.java,90,91,91,0,0,0,0,1,1,1,false
4,lang/java/src/java/org/apache/avro/ipc/DatagramServer.java,79,80,80,0,0,1,1,2,1,1,false
4,lang/java/src/java/org/apache/avro/ipc/DatagramTransceiver.java,85,85,85,0,0,1,1,2,1,1,false
4,lang/java/src/java/org/apache/avro/ipc/HttpServer.java,59,59,59,0,0,0,0,1,1,1,false
4,lang/java/src/java/org/apache/avro/ipc/HttpTransceiver.java,112,113,113,0,0,1,1,2,1,1,false
4,lang/java/src/java/org/apache/avro/ipc/LocalTransceiver.java,52,52,52,0,0,0,0,1,1,1,false
4,lang/java/src/java/org/apache/avro/ipc/RPCContext.java,157,157,157,0,0,0,0,1,1,1,true
4,lang/java/src/java/org/apache/avro/ipc/RPCPlugin.java,74,74,74,0,0,0,0,1,1,1,false
4,lang/java/src/java/org/apache/avro/ipc/Requestor.java,230,231,231,1,1,-1,-1,2,1,1,true
4,lang/java/src/java/org/apache/avro/ipc/Responder.java,211,212,212,0,0,1,1,2,1,1,true
4,lang/java/src/java/org/apache/avro/ipc/ResponderServlet.java,55,56,56,0,0,0,0,1,1,1,false
4,lang/java/src/java/org/apache/avro/ipc/Server.java,29,29,29,0,0,0,0,1,1,1,false
4,lang/java/src/java/org/apache/avro/ipc/SocketServer.java,111,112,112,0,0,1,1,2,1,1,false
4,lang/java/src/java/org/apache/avro/ipc/SocketTransceiver.java,98,99,99,0,0,1,1,2,1,1,false
4,lang/java/src/java/org/apache/avro/ipc/Transceiver.java,43,44,44,0,0,0,0,1,1,1,false
4,lang/java/src/java/org/apache/avro/ipc/stats/FloatHistogram.java,54,54,54,0,0,0,0,1,1,1,false
4,lang/java/src/java/org/apache/avro/ipc/stats/Histogram.java,205,205,205,0,0,0,0,1,1,1,false
4,lang/java/src/java/org/apache/avro/ipc/stats/StatsPlugin.java,121,121,121,0,0,0,0,1,1,1,false
4,lang/java/src/java/org/apache/avro/ipc/stats/StatsServlet.java,107,107,107,0,0,0,0,1,1,1,false
4,lang/java/src/java/org/apache/avro/ipc/stats/Stopwatch.java,74,74,74,0,0,0,0,1,1,1,false
4,lang/java/src/java/org/apache/avro/reflect/InduceSchemaTool.java,76,76,76,1,1,1,1,2,2,1,false
4,lang/java/src/java/org/apache/avro/reflect/ReflectData.java,412,412,412,2,2,2,3,3,2,1,false
4,lang/java/src/java/org/apache/avro/reflect/ReflectDatumReader.java,146,146,146,0,0,0,0,2,2,1,false
4,lang/java/src/java/org/apache/avro/reflect/ReflectDatumWriter.java,125,125,125,0,0,0,0,1,1,1,false
4,lang/java/src/java/org/apache/avro/reflect/ReflectRequestor.java,75,76,76,0,0,0,0,1,1,1,false
4,lang/java/src/java/org/apache/avro/reflect/ReflectResponder.java,47,48,48,0,0,0,0,1,1,1,false
4,lang/java/src/java/org/apache/avro/reflect/Stringable.java,34,34,34,0,0,0,0,1,1,1,false
4,lang/java/src/java/org/apache/avro/reflect/Union.java,39,39,39,0,0,0,0,1,1,1,false
4,lang/java/src/java/org/apache/avro/specific/FixedSize.java,36,37,37,0,0,0,0,1,1,1,false
4,lang/java/src/java/org/apache/avro/specific/ProtocolTask.java,79,80,80,0,0,0,0,1,1,1,false
4,lang/java/src/java/org/apache/avro/specific/SchemaTask.java,28,29,29,0,0,0,0,1,1,1,false
4,lang/java/src/java/org/apache/avro/specific/SpecificCompiler.java,422,423,423,0,1,0,1,4,2,2,false
4,lang/java/src/java/org/apache/avro/specific/SpecificData.java,211,215,215,43,43,43,43,2,1,2,false
4,lang/java/src/java/org/apache/avro/specific/SpecificDatumReader.java,88,89,89,0,0,0,0,2,1,2,false
4,lang/java/src/java/org/apache/avro/specific/SpecificDatumWriter.java,57,58,58,0,0,0,0,1,1,1,false
4,lang/java/src/java/org/apache/avro/specific/SpecificExceptionBase.java,43,44,44,0,0,0,0,2,1,2,false
4,lang/java/src/java/org/apache/avro/specific/SpecificFixed.java,27,28,28,0,0,0,0,1,1,1,false
4,lang/java/src/java/org/apache/avro/specific/SpecificRecord.java,25,26,26,2,2,2,2,2,1,2,false
4,lang/java/src/java/org/apache/avro/specific/SpecificRecordBase.java,53,54,54,0,0,-5,-5,2,1,2,false
4,lang/java/src/java/org/apache/avro/specific/SpecificRequestor.java,105,106,106,1,1,1,1,2,2,1,true
4,lang/java/src/java/org/apache/avro/specific/SpecificResponder.java,107,108,108,1,1,1,1,2,2,1,true
4,lang/java/src/java/org/apache/avro/tool/BinaryFragmentToJsonTool.java,85,85,85,1,1,1,1,2,1,1,false
4,lang/java/src/java/org/apache/avro/tool/DataFileGetSchemaTool.java,54,54,54,0,0,0,0,1,1,1,false
4,lang/java/src/java/org/apache/avro/tool/DataFileReadTool.java,78,78,78,0,0,0,0,1,1,1,false
4,lang/java/src/java/org/apache/avro/tool/DataFileWriteTool.java,98,98,98,0,0,4,4,2,2,1,false
4,lang/java/src/java/org/apache/avro/tool/GenAvroTool.java,78,78,78,0,0,0,0,2,1,1,false
4,lang/java/src/java/org/apache/avro/tool/JsonToBinaryFragmentTool.java,77,77,77,0,0,0,0,1,1,1,false
4,lang/java/src/java/org/apache/avro/tool/Main.java,97,97,97,0,0,-8,0,3,2,1,false
4,lang/java/src/java/org/apache/avro/tool/RpcReceiveTool.java,176,176,176,2,2,28,28,2,1,1,false
4,lang/java/src/java/org/apache/avro/tool/RpcSendTool.java,123,123,123,3,3,23,23,2,1,1,false
4,lang/java/src/java/org/apache/avro/tool/Tool.java,51,51,51,0,0,0,0,2,1,1,false
4,lang/java/src/java/org/apache/avro/tool/Util.java,71,71,71,0,0,-14,-14,2,1,1,false
4,lang/java/src/java/org/apache/avro/util/Utf8.java,92,92,92,0,0,-5,-5,2,1,1,true
4,lang/java/src/test/java/org/apache/avro/AvroTestUtil.java,32,32,32,0,0,0,0,1,1,1,false
4,lang/java/src/test/java/org/apache/avro/BarRecord.java,51,51,51,0,0,0,0,1,1,1,false
4,lang/java/src/test/java/org/apache/avro/FooRecord.java,47,47,47,0,0,0,0,1,1,1,false
4,lang/java/src/test/java/org/apache/avro/GenerateBlockingData.java,85,85,85,0,0,0,0,1,1,1,false
4,lang/java/src/test/java/org/apache/avro/RPCMetaTestPlugin.java,177,177,177,0,0,0,0,1,1,1,false
4,lang/java/src/test/java/org/apache/avro/RandomData.java,141,141,141,0,0,0,0,2,2,1,false
4,lang/java/src/test/java/org/apache/avro/TestBulkData.java,115,115,115,0,0,0,0,1,1,1,false
4,lang/java/src/test/java/org/apache/avro/TestCompare.java,240,240,240,0,0,0,0,1,1,1,false
4,lang/java/src/test/java/org/apache/avro/TestDataFile.java,240,240,240,3,7,-11,1,7,3,1,false
4,lang/java/src/test/java/org/apache/avro/TestDataFileConcat.java,154,154,154,0,0,0,0,1,1,1,false
4,lang/java/src/test/java/org/apache/avro/TestDataFileDeflate.java,64,64,64,0,0,0,0,1,1,1,false
4,lang/java/src/test/java/org/apache/avro/TestDataFileMeta.java,75,75,75,0,0,10,10,2,1,1,false
4,lang/java/src/test/java/org/apache/avro/TestDataFileReflect.java,185,185,185,0,0,0,0,1,1,1,false
4,lang/java/src/test/java/org/apache/avro/TestNamespaceReflect.java,39,39,39,0,0,0,0,1,1,1,false
4,lang/java/src/test/java/org/apache/avro/TestNamespaceSpecific.java,91,91,91,0,0,0,0,1,1,1,false
4,lang/java/src/test/java/org/apache/avro/TestProtocolDatagram.java,42,42,42,0,0,0,0,1,1,1,false
4,lang/java/src/test/java/org/apache/avro/TestProtocolGeneric.java,196,196,196,1,2,1,2,3,2,1,true
4,lang/java/src/test/java/org/apache/avro/TestProtocolGenericMeta.java,42,42,42,0,0,0,0,1,1,1,false
4,lang/java/src/test/java/org/apache/avro/TestProtocolHttp.java,40,40,40,0,0,0,0,1,1,1,false
4,lang/java/src/test/java/org/apache/avro/TestProtocolParsing.java,42,42,42,0,0,0,0,1,1,1,false
4,lang/java/src/test/java/org/apache/avro/TestProtocolReflect.java,111,111,111,0,0,0,0,1,1,1,true
4,lang/java/src/test/java/org/apache/avro/TestProtocolReflectMeta.java,45,45,45,0,0,0,0,1,1,1,false
4,lang/java/src/test/java/org/apache/avro/TestProtocolSpecific.java,181,181,181,0,0,-6,-6,2,2,2,false
4,lang/java/src/test/java/org/apache/avro/TestProtocolSpecificMeta.java,46,46,46,0,0,0,0,1,1,1,false
4,lang/java/src/test/java/org/apache/avro/TestReflect.java,425,425,425,6,6,1,1,3,2,1,false
4,lang/java/src/test/java/org/apache/avro/TestSchema.java,616,616,616,3,7,-105,4,7,3,3,false
4,lang/java/src/test/java/org/apache/avro/file/TestLengthLimitedInputStream.java,58,58,58,0,0,0,0,1,1,1,false
4,lang/java/src/test/java/org/apache/avro/genavro/TestGenAvro.java,157,157,157,0,0,0,0,2,2,2,false
4,lang/java/src/test/java/org/apache/avro/generic/TestGenericData.java,72,72,72,0,0,-15,1,5,2,3,false
4,lang/java/src/test/java/org/apache/avro/generic/TestGenericDatumWriter.java,52,52,52,0,0,0,0,1,1,1,false
4,lang/java/src/test/java/org/apache/avro/io/Perf.java,574,574,574,15,42,-85,52,10,2,2,false
4,lang/java/src/test/java/org/apache/avro/io/TestBinaryDecoder.java,402,402,402,2,2,-324,-324,2,1,1,false
4,lang/java/src/test/java/org/apache/avro/io/TestBlockingIO.java,475,475,475,0,0,0,0,2,1,1,false
4,lang/java/src/test/java/org/apache/avro/io/TestBlockingIO2.java,160,160,160,3,3,3,3,2,1,1,false
4,lang/java/src/test/java/org/apache/avro/io/TestEncoders.java,55,55,55,0,0,-6,-6,2,1,2,false
4,lang/java/src/test/java/org/apache/avro/io/TestResolvingIO.java,211,211,211,1,1,0,0,2,1,1,false
4,lang/java/src/test/java/org/apache/avro/io/TestResolvingIOResolving.java,170,170,170,1,8,-21,41,6,2,4,false
4,lang/java/src/test/java/org/apache/avro/io/TestValidatingIO.java,852,852,852,1,1,-1,0,3,2,2,false
4,lang/java/src/test/java/org/apache/avro/io/parsing/TestResolvingGrammarGenerator.java,93,93,93,0,0,0,0,1,1,1,false
4,lang/java/src/test/java/org/apache/avro/ipc/TestLocalTransceiver.java,64,64,64,0,0,0,0,1,1,1,false
4,lang/java/src/test/java/org/apache/avro/ipc/stats/FakeTicks.java,35,35,35,0,0,0,0,1,1,1,false
4,lang/java/src/test/java/org/apache/avro/ipc/stats/StatsPluginOverhead.java,103,103,103,0,0,0,0,1,1,1,false
4,lang/java/src/test/java/org/apache/avro/ipc/stats/TestHistogram.java,94,94,94,0,0,0,0,1,1,1,false
4,lang/java/src/test/java/org/apache/avro/ipc/stats/TestStatsPluginAndServlet.java,180,180,180,0,0,0,0,2,1,1,false
4,lang/java/src/test/java/org/apache/avro/ipc/stats/TestStopwatch.java,80,80,80,0,0,0,0,1,1,1,false
4,lang/java/src/test/java/org/apache/avro/specific/TestSpecificCompiler.java,241,241,241,0,0,0,0,1,1,1,false
4,lang/java/src/test/java/org/apache/avro/specific/TestSpecificData.java,41,41,41,0,0,0,0,1,1,2,false
4,lang/java/src/test/java/org/apache/avro/tool/TestDataFileTools.java,205,205,205,0,0,-5,5,5,3,2,false
4,lang/java/src/test/java/org/apache/avro/tool/TestJsonToFromBinaryFragmentTools.java,66,66,66,0,0,0,0,2,2,2,false
4,lang/java/src/test/java/org/apache/avro/tool/TestMain.java,35,35,35,0,0,0,0,1,1,1,false
4,lang/java/src/test/java/org/apache/avro/tool/TestRpcReceiveAndSendTools.java,58,58,58,4,4,5,6,3,2,2,false
4,lang/java/src/test/java/org/apache/avro/util/TestUtf8.java,32,32,32,0,0,0,0,1,1,1,false
5,lang/java/src/java/org/apache/avro/AvroRuntimeException.java,28,0,0,0,0,0,0,0,0,0,false
5,lang/java/src/java/org/apache/avro/AvroTypeException.java,28,0,0,0,0,0,0,0,0,0,false
5,lang/java/src/java/org/apache/avro/Protocol.java,387,0,0,0,0,0,0,0,0,0,false
5,lang/java/src/java/org/apache/avro/Schema.java,1087,0,0,0,0,0,0,0,0,0,false
5,lang/java/src/java/org/apache/avro/SchemaParseException.java,25,0,0,0,0,0,0,0,0,0,false
5,lang/java/src/java/org/apache/avro/file/Codec.java,50,0,0,0,0,0,0,0,0,0,false
5,lang/java/src/java/org/apache/avro/file/CodecFactory.java,76,0,0,0,0,0,0,0,0,0,false
5,lang/java/src/java/org/apache/avro/file/DataFileConstants.java,38,0,0,0,0,0,0,0,0,0,false
5,lang/java/src/java/org/apache/avro/file/DataFileReader.java,168,0,0,0,0,0,0,0,0,0,false
5,lang/java/src/java/org/apache/avro/file/DataFileStream.java,268,1,1,0,0,0,0,1,1,0,false
5,lang/java/src/java/org/apache/avro/file/DataFileWriter.java,374,0,0,0,0,0,0,0,0,0,false
5,lang/java/src/java/org/apache/avro/file/DeflateCodec.java,145,0,0,0,0,0,0,0,0,0,false
5,lang/java/src/java/org/apache/avro/file/LengthLimitedInputStream.java,85,0,0,0,0,0,0,0,0,0,false
5,lang/java/src/java/org/apache/avro/file/NullCodec.java,64,0,0,0,0,0,0,0,0,0,false
5,lang/java/src/java/org/apache/avro/file/SeekableFileInput.java,36,0,0,0,0,0,0,0,0,0,false
5,lang/java/src/java/org/apache/avro/file/SeekableInput.java,36,0,0,0,0,0,0,0,0,0,false
5,lang/java/src/java/org/apache/avro/generic/GenericArray.java,36,0,0,0,0,0,0,0,0,0,false
5,lang/java/src/java/org/apache/avro/generic/GenericContainer.java,26,0,0,0,0,0,0,0,0,0,false
5,lang/java/src/java/org/apache/avro/generic/GenericData.java,491,0,0,0,0,0,0,0,0,0,false
5,lang/java/src/java/org/apache/avro/generic/GenericDatumReader.java,354,0,0,0,0,0,0,0,0,0,false
5,lang/java/src/java/org/apache/avro/generic/GenericDatumWriter.java,196,0,0,0,0,0,0,0,0,0,false
5,lang/java/src/java/org/apache/avro/generic/GenericFixed.java,24,0,0,0,0,0,0,0,0,0,false
5,lang/java/src/java/org/apache/avro/generic/GenericRecord.java,27,0,0,0,0,0,0,0,0,0,false
5,lang/java/src/java/org/apache/avro/generic/GenericRequestor.java,69,14,14,0,0,0,0,1,1,1,false
5,lang/java/src/java/org/apache/avro/generic/GenericResponder.java,56,2,2,0,0,0,0,1,1,1,false
5,lang/java/src/java/org/apache/avro/generic/IndexedRecord.java,26,0,0,0,0,0,0,0,0,0,false
5,lang/java/src/java/org/apache/avro/io/BinaryData.java,187,0,0,0,0,0,0,0,0,0,false
5,lang/java/src/java/org/apache/avro/io/BinaryDecoder.java,983,0,0,0,0,0,0,0,0,0,false
5,lang/java/src/java/org/apache/avro/io/BinaryEncoder.java,252,0,0,0,0,0,0,0,0,0,false
5,lang/java/src/java/org/apache/avro/io/BlockingBinaryEncoder.java,620,0,0,0,0,0,0,0,0,0,false
5,lang/java/src/java/org/apache/avro/io/DatumReader.java,37,0,0,0,0,0,0,0,0,0,false
5,lang/java/src/java/org/apache/avro/io/DatumWriter.java,35,0,0,0,0,0,0,0,0,0,false
5,lang/java/src/java/org/apache/avro/io/Decoder.java,286,0,0,0,0,0,0,0,0,0,false
5,lang/java/src/java/org/apache/avro/io/DecoderFactory.java,232,0,0,0,0,0,0,0,0,0,false
5,lang/java/src/java/org/apache/avro/io/DirectBinaryDecoder.java,203,0,0,0,0,0,0,0,0,0,false
5,lang/java/src/java/org/apache/avro/io/Encoder.java,270,0,0,0,0,0,0,0,0,0,false
5,lang/java/src/java/org/apache/avro/io/JsonDecoder.java,425,0,0,0,0,0,0,0,0,0,false
5,lang/java/src/java/org/apache/avro/io/JsonEncoder.java,244,0,0,0,0,0,0,0,0,0,false
5,lang/java/src/java/org/apache/avro/io/ParsingDecoder.java,74,0,0,0,0,0,0,0,0,0,false
5,lang/java/src/java/org/apache/avro/io/ParsingEncoder.java,69,0,0,0,0,0,0,0,0,0,false
5,lang/java/src/java/org/apache/avro/io/ResolvingDecoder.java,228,0,0,0,0,0,0,0,0,0,false
5,lang/java/src/java/org/apache/avro/io/ValidatingDecoder.java,231,0,0,0,0,0,0,0,0,0,false
5,lang/java/src/java/org/apache/avro/io/ValidatingEncoder.java,202,0,0,0,0,0,0,0,0,0,false
5,lang/java/src/java/org/apache/avro/io/parsing/JsonGrammarGenerator.java,99,0,0,0,0,0,0,0,0,0,false
5,lang/java/src/java/org/apache/avro/io/parsing/Parser.java,191,0,0,0,0,0,0,0,0,0,false
5,lang/java/src/java/org/apache/avro/io/parsing/ResolvingGrammarGenerator.java,447,0,0,0,0,0,0,0,0,0,false
5,lang/java/src/java/org/apache/avro/io/parsing/SkipParser.java,95,0,0,0,0,0,0,0,0,0,false
5,lang/java/src/java/org/apache/avro/io/parsing/Symbol.java,549,0,0,0,0,0,0,0,0,0,false
5,lang/java/src/java/org/apache/avro/io/parsing/ValidatingGrammarGenerator.java,136,0,0,0,0,0,0,0,0,0,false
5,lang/java/src/java/org/apache/avro/ipc/AvroRemoteException.java,40,0,0,0,0,0,0,0,0,0,false
5,lang/java/src/java/org/apache/avro/ipc/ByteBufferInputStream.java,86,0,0,0,0,0,0,0,0,0,false
5,lang/java/src/java/org/apache/avro/ipc/ByteBufferOutputStream.java,90,0,0,0,0,0,0,0,0,0,false
5,lang/java/src/java/org/apache/avro/ipc/DatagramServer.java,79,0,0,0,0,0,0,0,0,0,false
5,lang/java/src/java/org/apache/avro/ipc/DatagramTransceiver.java,85,0,0,0,0,0,0,0,0,0,false
5,lang/java/src/java/org/apache/avro/ipc/HttpServer.java,59,0,0,0,0,0,0,0,0,0,false
5,lang/java/src/java/org/apache/avro/ipc/HttpTransceiver.java,112,0,0,0,0,0,0,0,0,0,false
5,lang/java/src/java/org/apache/avro/ipc/LocalTransceiver.java,52,0,0,0,0,0,0,0,0,0,false
5,lang/java/src/java/org/apache/avro/ipc/RPCContext.java,157,0,0,0,0,0,0,1,1,1,false
5,lang/java/src/java/org/apache/avro/ipc/RPCPlugin.java,74,0,0,0,0,0,0,0,0,0,false
5,lang/java/src/java/org/apache/avro/ipc/Requestor.java,230,0,0,0,0,0,0,1,1,1,false
5,lang/java/src/java/org/apache/avro/ipc/Responder.java,206,1,-1,0,0,0,0,1,1,1,false
5,lang/java/src/java/org/apache/avro/ipc/ResponderServlet.java,55,0,0,0,0,0,0,0,0,0,false
5,lang/java/src/java/org/apache/avro/ipc/Server.java,29,0,0,0,0,0,0,0,0,0,false
5,lang/java/src/java/org/apache/avro/ipc/SocketServer.java,111,0,0,0,0,0,0,0,0,0,false
5,lang/java/src/java/org/apache/avro/ipc/SocketTransceiver.java,98,0,0,0,0,0,0,0,0,0,false
5,lang/java/src/java/org/apache/avro/ipc/Transceiver.java,43,0,0,0,0,0,0,0,0,0,false
5,lang/java/src/java/org/apache/avro/ipc/stats/FloatHistogram.java,54,0,0,0,0,0,0,0,0,0,false
5,lang/java/src/java/org/apache/avro/ipc/stats/Histogram.java,205,0,0,0,0,0,0,0,0,0,false
5,lang/java/src/java/org/apache/avro/ipc/stats/StatsPlugin.java,121,0,0,0,0,0,0,0,0,0,false
5,lang/java/src/java/org/apache/avro/ipc/stats/StatsServlet.java,107,0,0,0,0,0,0,0,0,0,false
5,lang/java/src/java/org/apache/avro/ipc/stats/Stopwatch.java,74,0,0,0,0,0,0,0,0,0,false
5,lang/java/src/java/org/apache/avro/reflect/InduceSchemaTool.java,76,0,0,0,0,0,0,0,0,0,false
5,lang/java/src/java/org/apache/avro/reflect/Nullable.java,33,33,33,0,0,0,0,1,1,0,false
5,lang/java/src/java/org/apache/avro/reflect/ReflectData.java,420,10,12,0,0,0,0,1,1,0,true
5,lang/java/src/java/org/apache/avro/reflect/ReflectDatumReader.java,146,0,0,0,0,0,0,0,0,0,false
5,lang/java/src/java/org/apache/avro/reflect/ReflectDatumWriter.java,125,0,0,0,0,0,0,0,0,0,false
5,lang/java/src/java/org/apache/avro/reflect/ReflectRequestor.java,75,0,0,0,0,0,0,0,0,0,false
5,lang/java/src/java/org/apache/avro/reflect/ReflectResponder.java,47,0,0,0,0,0,0,0,0,0,false
5,lang/java/src/java/org/apache/avro/reflect/Stringable.java,34,0,0,0,0,0,0,0,0,0,false
5,lang/java/src/java/org/apache/avro/reflect/Union.java,39,0,0,0,0,0,0,0,0,0,false
5,lang/java/src/java/org/apache/avro/specific/FixedSize.java,36,0,0,0,0,0,0,0,0,0,false
5,lang/java/src/java/org/apache/avro/specific/ProtocolTask.java,79,0,0,0,0,0,0,0,0,0,false
5,lang/java/src/java/org/apache/avro/specific/SchemaTask.java,28,0,0,0,0,0,0,0,0,0,false
5,lang/java/src/java/org/apache/avro/specific/SpecificCompiler.java,422,0,0,0,0,0,0,0,0,0,false
5,lang/java/src/java/org/apache/avro/specific/SpecificData.java,212,3,1,0,0,0,0,1,1,0,false
5,lang/java/src/java/org/apache/avro/specific/SpecificDatumReader.java,88,0,0,0,0,0,0,0,0,0,false
5,lang/java/src/java/org/apache/avro/specific/SpecificDatumWriter.java,57,0,0,0,0,0,0,0,0,0,false
5,lang/java/src/java/org/apache/avro/specific/SpecificExceptionBase.java,43,0,0,0,0,0,0,0,0,0,false
5,lang/java/src/java/org/apache/avro/specific/SpecificFixed.java,27,0,0,0,0,0,0,0,0,0,false
5,lang/java/src/java/org/apache/avro/specific/SpecificRecord.java,25,0,0,0,0,0,0,0,0,0,false
5,lang/java/src/java/org/apache/avro/specific/SpecificRecordBase.java,53,0,0,0,0,0,0,0,0,0,false
5,lang/java/src/java/org/apache/avro/specific/SpecificRequestor.java,108,3,3,0,0,0,0,1,1,1,false
5,lang/java/src/java/org/apache/avro/specific/SpecificResponder.java,102,-3,3,0,0,0,0,1,1,1,false
5,lang/java/src/java/org/apache/avro/tool/BinaryFragmentToJsonTool.java,85,0,0,0,0,0,0,0,0,0,false
5,lang/java/src/java/org/apache/avro/tool/DataFileGetSchemaTool.java,54,0,0,0,0,0,0,0,0,0,false
5,lang/java/src/java/org/apache/avro/tool/DataFileReadTool.java,78,0,0,0,0,0,0,0,0,0,false
5,lang/java/src/java/org/apache/avro/tool/DataFileWriteTool.java,98,0,0,0,0,0,0,0,0,0,false
5,lang/java/src/java/org/apache/avro/tool/GenAvroTool.java,78,0,0,0,0,0,0,0,0,0,false
5,lang/java/src/java/org/apache/avro/tool/JsonToBinaryFragmentTool.java,77,0,0,0,0,0,0,0,0,0,false
5,lang/java/src/java/org/apache/avro/tool/Main.java,97,0,0,0,0,0,0,0,0,0,false
5,lang/java/src/java/org/apache/avro/tool/RpcReceiveTool.java,176,0,0,0,0,0,0,0,0,0,false
5,lang/java/src/java/org/apache/avro/tool/RpcSendTool.java,123,0,0,0,0,0,0,0,0,0,false
5,lang/java/src/java/org/apache/avro/tool/Tool.java,51,0,0,0,0,0,0,0,0,0,false
5,lang/java/src/java/org/apache/avro/tool/Util.java,71,0,0,0,0,0,0,0,0,0,false
5,lang/java/src/java/org/apache/avro/util/Utf8.java,94,2,2,0,0,0,0,1,1,1,false
5,lang/java/src/test/java/org/apache/avro/AvroTestUtil.java,32,0,0,0,0,0,0,0,0,0,false
5,lang/java/src/test/java/org/apache/avro/BarRecord.java,51,0,0,0,0,0,0,0,0,0,false
5,lang/java/src/test/java/org/apache/avro/FooRecord.java,47,0,0,0,0,0,0,0,0,0,false
5,lang/java/src/test/java/org/apache/avro/GenerateBlockingData.java,85,0,0,0,0,0,0,0,0,0,false
5,lang/java/src/test/java/org/apache/avro/RPCMetaTestPlugin.java,177,0,0,0,0,0,0,0,0,0,false
5,lang/java/src/test/java/org/apache/avro/RandomData.java,141,0,0,0,0,0,0,0,0,0,false
5,lang/java/src/test/java/org/apache/avro/SimpleError.java,22,22,22,0,0,0,0,1,1,1,false
5,lang/java/src/test/java/org/apache/avro/TestBulkData.java,115,0,0,0,0,0,0,0,0,0,false
5,lang/java/src/test/java/org/apache/avro/TestCompare.java,240,0,0,0,0,0,0,0,0,0,false
5,lang/java/src/test/java/org/apache/avro/TestDataFile.java,240,0,0,0,0,0,0,0,0,0,false
5,lang/java/src/test/java/org/apache/avro/TestDataFileConcat.java,154,0,0,0,0,0,0,0,0,0,false
5,lang/java/src/test/java/org/apache/avro/TestDataFileDeflate.java,64,0,0,0,0,0,0,0,0,0,false
5,lang/java/src/test/java/org/apache/avro/TestDataFileMeta.java,75,0,0,0,0,0,0,0,0,0,false
5,lang/java/src/test/java/org/apache/avro/TestDataFileReflect.java,185,0,0,0,0,0,0,0,0,0,false
5,lang/java/src/test/java/org/apache/avro/TestNamespaceReflect.java,39,0,0,0,0,0,0,0,0,0,false
5,lang/java/src/test/java/org/apache/avro/TestNamespaceSpecific.java,91,0,0,0,0,0,0,0,0,0,false
5,lang/java/src/test/java/org/apache/avro/TestProtocolDatagram.java,42,0,0,0,0,0,0,0,0,0,false
5,lang/java/src/test/java/org/apache/avro/TestProtocolGeneric.java,195,1,-1,0,0,0,0,1,1,1,false
5,lang/java/src/test/java/org/apache/avro/TestProtocolGenericMeta.java,42,0,0,0,0,0,0,0,0,0,false
5,lang/java/src/test/java/org/apache/avro/TestProtocolHttp.java,40,0,0,0,0,0,0,0,0,0,false
5,lang/java/src/test/java/org/apache/avro/TestProtocolParsing.java,42,0,0,0,0,0,0,0,0,0,false
5,lang/java/src/test/java/org/apache/avro/TestProtocolReflect.java,123,16,12,0,0,0,0,1,1,1,true
5,lang/java/src/test/java/org/apache/avro/TestProtocolReflectMeta.java,45,0,0,0,0,0,0,0,0,0,false
5,lang/java/src/test/java/org/apache/avro/TestProtocolSpecific.java,181,0,0,0,0,0,0,0,0,0,false
5,lang/java/src/test/java/org/apache/avro/TestProtocolSpecificMeta.java,46,0,0,0,0,0,0,0,0,0,false
5,lang/java/src/test/java/org/apache/avro/TestReflect.java,477,52,52,0,0,0,0,1,1,0,true
5,lang/java/src/test/java/org/apache/avro/TestSchema.java,616,0,0,0,0,0,0,0,0,0,false
5,lang/java/src/test/java/org/apache/avro/file/TestLengthLimitedInputStream.java,58,0,0,0,0,0,0,0,0,0,false
5,lang/java/src/test/java/org/apache/avro/genavro/TestGenAvro.java,157,0,0,0,0,0,0,0,0,0,false
5,lang/java/src/test/java/org/apache/avro/generic/TestGenericData.java,72,0,0,0,0,0,0,0,0,0,false
5,lang/java/src/test/java/org/apache/avro/generic/TestGenericDatumWriter.java,52,0,0,0,0,0,0,0,0,0,false
5,lang/java/src/test/java/org/apache/avro/io/Perf.java,574,0,0,0,0,0,0,0,0,0,false
5,lang/java/src/test/java/org/apache/avro/io/TestBinaryDecoder.java,402,0,0,0,0,0,0,0,0,0,false
5,lang/java/src/test/java/org/apache/avro/io/TestBlockingIO.java,475,0,0,0,0,0,0,0,0,0,false
5,lang/java/src/test/java/org/apache/avro/io/TestBlockingIO2.java,160,0,0,0,0,0,0,0,0,0,false
5,lang/java/src/test/java/org/apache/avro/io/TestEncoders.java,55,0,0,0,0,0,0,0,0,0,false
5,lang/java/src/test/java/org/apache/avro/io/TestResolvingIO.java,211,0,0,0,0,0,0,0,0,0,false
5,lang/java/src/test/java/org/apache/avro/io/TestResolvingIOResolving.java,170,0,0,0,0,0,0,0,0,0,false
5,lang/java/src/test/java/org/apache/avro/io/TestValidatingIO.java,852,0,0,0,0,0,0,0,0,0,false
5,lang/java/src/test/java/org/apache/avro/io/parsing/TestResolvingGrammarGenerator.java,93,0,0,0,0,0,0,0,0,0,false
5,lang/java/src/test/java/org/apache/avro/ipc/TestLocalTransceiver.java,64,0,0,0,0,0,0,0,0,0,false
5,lang/java/src/test/java/org/apache/avro/ipc/stats/FakeTicks.java,35,0,0,0,0,0,0,0,0,0,false
5,lang/java/src/test/java/org/apache/avro/ipc/stats/StatsPluginOverhead.java,103,0,0,0,0,0,0,0,0,0,false
5,lang/java/src/test/java/org/apache/avro/ipc/stats/TestHistogram.java,94,0,0,0,0,0,0,0,0,0,false
5,lang/java/src/test/java/org/apache/avro/ipc/stats/TestStatsPluginAndServlet.java,180,0,0,0,0,0,0,0,0,0,false
5,lang/java/src/test/java/org/apache/avro/ipc/stats/TestStopwatch.java,80,0,0,0,0,0,0,0,0,0,false
5,lang/java/src/test/java/org/apache/avro/specific/TestSpecificCompiler.java,241,0,0,0,0,0,0,0,0,0,false
5,lang/java/src/test/java/org/apache/avro/specific/TestSpecificData.java,41,0,0,0,0,0,0,0,0,0,false
5,lang/java/src/test/java/org/apache/avro/tool/TestDataFileTools.java,205,0,0,0,0,0,0,0,0,0,false
5,lang/java/src/test/java/org/apache/avro/tool/TestJsonToFromBinaryFragmentTools.java,66,0,0,0,0,0,0,0,0,0,false
5,lang/java/src/test/java/org/apache/avro/tool/TestMain.java,35,0,0,0,0,0,0,0,0,0,false
5,lang/java/src/test/java/org/apache/avro/tool/TestRpcReceiveAndSendTools.java,58,0,0,0,0,0,0,0,0,0,false
5,lang/java/src/test/java/org/apache/avro/util/TestUtf8.java,32,0,0,0,0,0,0,0,0,0,false
6,lang/java/src/java/org/apache/avro/AvroRuntimeException.java,28,0,0,0,0,0,0,0,0,0,false
6,lang/java/src/java/org/apache/avro/AvroTypeException.java,28,0,0,0,0,0,0,0,0,0,false
6,lang/java/src/java/org/apache/avro/Protocol.java,387,0,0,0,0,0,0,0,0,0,false
6,lang/java/src/java/org/apache/avro/Schema.java,1087,0,0,0,0,0,0,0,0,0,false
6,lang/java/src/java/org/apache/avro/SchemaParseException.java,25,0,0,0,0,0,0,0,0,0,false
6,lang/java/src/java/org/apache/avro/file/Codec.java,50,0,0,0,0,0,0,0,0,0,false
6,lang/java/src/java/org/apache/avro/file/CodecFactory.java,76,0,0,0,0,0,0,0,0,0,false
6,lang/java/src/java/org/apache/avro/file/DataFileConstants.java,38,0,0,0,0,0,0,0,0,0,false
6,lang/java/src/java/org/apache/avro/file/DataFileReader.java,168,0,0,0,0,0,0,0,0,0,false
6,lang/java/src/java/org/apache/avro/file/DataFileStream.java,268,0,0,0,0,0,0,0,0,0,false
6,lang/java/src/java/org/apache/avro/file/DataFileWriter.java,374,0,0,0,0,0,0,0,0,0,false
6,lang/java/src/java/org/apache/avro/file/DeflateCodec.java,145,0,0,0,0,0,0,0,0,0,false
6,lang/java/src/java/org/apache/avro/file/LengthLimitedInputStream.java,85,0,0,0,0,0,0,0,0,0,false
6,lang/java/src/java/org/apache/avro/file/NullCodec.java,64,0,0,0,0,0,0,0,0,0,false
6,lang/java/src/java/org/apache/avro/file/SeekableFileInput.java,36,0,0,0,0,0,0,0,0,0,false
6,lang/java/src/java/org/apache/avro/file/SeekableInput.java,36,0,0,0,0,0,0,0,0,0,false
6,lang/java/src/java/org/apache/avro/generic/GenericArray.java,36,0,0,0,0,0,0,0,0,0,false
6,lang/java/src/java/org/apache/avro/generic/GenericContainer.java,26,0,0,0,0,0,0,0,0,0,false
6,lang/java/src/java/org/apache/avro/generic/GenericData.java,491,0,0,0,0,0,0,0,0,0,false
6,lang/java/src/java/org/apache/avro/generic/GenericDatumReader.java,354,0,0,0,0,0,0,0,0,0,false
6,lang/java/src/java/org/apache/avro/generic/GenericDatumWriter.java,196,0,0,0,0,0,0,0,0,0,false
6,lang/java/src/java/org/apache/avro/generic/GenericFixed.java,24,0,0,0,0,0,0,0,0,0,false
6,lang/java/src/java/org/apache/avro/generic/GenericRecord.java,27,0,0,0,0,0,0,0,0,0,false
6,lang/java/src/java/org/apache/avro/generic/GenericRequestor.java,69,0,0,0,0,0,0,0,0,0,false
6,lang/java/src/java/org/apache/avro/generic/GenericResponder.java,56,0,0,0,0,0,0,0,0,0,false
6,lang/java/src/java/org/apache/avro/generic/IndexedRecord.java,26,0,0,0,0,0,0,0,0,0,false
6,lang/java/src/java/org/apache/avro/io/BinaryData.java,187,0,0,0,0,0,0,0,0,0,false
6,lang/java/src/java/org/apache/avro/io/BinaryDecoder.java,983,0,0,0,0,0,0,0,0,0,false
6,lang/java/src/java/org/apache/avro/io/BinaryEncoder.java,252,0,0,0,0,0,0,0,0,0,false
6,lang/java/src/java/org/apache/avro/io/BlockingBinaryEncoder.java,620,0,0,0,0,0,0,0,0,0,false
6,lang/java/src/java/org/apache/avro/io/DatumReader.java,37,0,0,0,0,0,0,0,0,0,false
6,lang/java/src/java/org/apache/avro/io/DatumWriter.java,35,0,0,0,0,0,0,0,0,0,false
6,lang/java/src/java/org/apache/avro/io/Decoder.java,286,0,0,0,0,0,0,0,0,0,false
6,lang/java/src/java/org/apache/avro/io/DecoderFactory.java,232,0,0,0,0,0,0,0,0,0,false
6,lang/java/src/java/org/apache/avro/io/DirectBinaryDecoder.java,203,0,0,0,0,0,0,0,0,0,false
6,lang/java/src/java/org/apache/avro/io/Encoder.java,270,0,0,0,0,0,0,0,0,0,false
6,lang/java/src/java/org/apache/avro/io/JsonDecoder.java,425,0,0,0,0,0,0,0,0,0,false
6,lang/java/src/java/org/apache/avro/io/JsonEncoder.java,244,0,0,0,0,0,0,0,0,0,false
6,lang/java/src/java/org/apache/avro/io/ParsingDecoder.java,74,0,0,0,0,0,0,0,0,0,false
6,lang/java/src/java/org/apache/avro/io/ParsingEncoder.java,69,0,0,0,0,0,0,0,0,0,false
6,lang/java/src/java/org/apache/avro/io/ResolvingDecoder.java,228,0,0,0,0,0,0,0,0,0,false
6,lang/java/src/java/org/apache/avro/io/ValidatingDecoder.java,231,0,0,0,0,0,0,0,0,0,false
6,lang/java/src/java/org/apache/avro/io/ValidatingEncoder.java,202,0,0,0,0,0,0,0,0,0,false
6,lang/java/src/java/org/apache/avro/io/parsing/JsonGrammarGenerator.java,99,0,0,0,0,0,0,0,0,0,false
6,lang/java/src/java/org/apache/avro/io/parsing/Parser.java,191,0,0,0,0,0,0,0,0,0,false
6,lang/java/src/java/org/apache/avro/io/parsing/ResolvingGrammarGenerator.java,447,0,0,0,0,0,0,0,0,0,false
6,lang/java/src/java/org/apache/avro/io/parsing/SkipParser.java,95,0,0,0,0,0,0,0,0,0,false
6,lang/java/src/java/org/apache/avro/io/parsing/Symbol.java,549,0,0,0,0,0,0,0,0,0,false
6,lang/java/src/java/org/apache/avro/io/parsing/ValidatingGrammarGenerator.java,136,0,0,0,0,0,0,0,0,0,false
6,lang/java/src/java/org/apache/avro/ipc/AvroRemoteException.java,40,0,0,0,0,0,0,0,0,0,false
6,lang/java/src/java/org/apache/avro/ipc/ByteBufferInputStream.java,86,0,0,0,0,0,0,0,0,0,false
6,lang/java/src/java/org/apache/avro/ipc/ByteBufferOutputStream.java,90,0,0,0,0,0,0,0,0,0,false
6,lang/java/src/java/org/apache/avro/ipc/DatagramServer.java,79,0,0,0,0,0,0,0,0,0,false
6,lang/java/src/java/org/apache/avro/ipc/DatagramTransceiver.java,85,0,0,0,0,0,0,0,0,0,false
6,lang/java/src/java/org/apache/avro/ipc/HttpServer.java,59,0,0,0,0,0,0,0,0,0,false
6,lang/java/src/java/org/apache/avro/ipc/HttpTransceiver.java,112,0,0,0,0,0,0,0,0,0,false
6,lang/java/src/java/org/apache/avro/ipc/LocalTransceiver.java,52,0,0,0,0,0,0,0,0,0,false
6,lang/java/src/java/org/apache/avro/ipc/RPCContext.java,157,0,0,0,0,0,0,0,0,0,false
6,lang/java/src/java/org/apache/avro/ipc/RPCPlugin.java,74,0,0,0,0,0,0,0,0,0,false
6,lang/java/src/java/org/apache/avro/ipc/Requestor.java,230,0,0,0,0,0,0,0,0,0,false
6,lang/java/src/java/org/apache/avro/ipc/Responder.java,206,0,0,0,0,0,0,0,0,0,false
6,lang/java/src/java/org/apache/avro/ipc/ResponderServlet.java,55,0,0,0,0,0,0,0,0,0,false
6,lang/java/src/java/org/apache/avro/ipc/Server.java,29,0,0,0,0,0,0,0,0,0,false
6,lang/java/src/java/org/apache/avro/ipc/SocketServer.java,111,0,0,0,0,0,0,0,0,0,false
6,lang/java/src/java/org/apache/avro/ipc/SocketTransceiver.java,98,0,0,0,0,0,0,0,0,0,false
6,lang/java/src/java/org/apache/avro/ipc/Transceiver.java,43,0,0,0,0,0,0,0,0,0,false
6,lang/java/src/java/org/apache/avro/ipc/stats/FloatHistogram.java,54,0,0,0,0,0,0,0,0,0,false
6,lang/java/src/java/org/apache/avro/ipc/stats/Histogram.java,205,0,0,0,0,0,0,0,0,0,false
6,lang/java/src/java/org/apache/avro/ipc/stats/StatsPlugin.java,121,0,0,0,0,0,0,0,0,0,false
6,lang/java/src/java/org/apache/avro/ipc/stats/StatsServlet.java,107,0,0,0,0,0,0,0,0,0,false
6,lang/java/src/java/org/apache/avro/ipc/stats/Stopwatch.java,74,0,0,0,0,0,0,0,0,0,false
6,lang/java/src/java/org/apache/avro/reflect/InduceSchemaTool.java,76,0,0,0,0,0,0,0,0,0,false
6,lang/java/src/java/org/apache/avro/reflect/Nullable.java,33,0,0,0,0,0,0,0,0,0,false
6,lang/java/src/java/org/apache/avro/reflect/ReflectData.java,426,6,6,0,0,0,0,1,1,1,false
6,lang/java/src/java/org/apache/avro/reflect/ReflectDatumReader.java,146,0,0,0,0,0,0,0,0,0,false
6,lang/java/src/java/org/apache/avro/reflect/ReflectDatumWriter.java,125,0,0,0,0,0,0,0,0,0,false
6,lang/java/src/java/org/apache/avro/reflect/ReflectRequestor.java,75,0,0,0,0,0,0,0,0,0,false
6,lang/java/src/java/org/apache/avro/reflect/ReflectResponder.java,47,0,0,0,0,0,0,0,0,0,false
6,lang/java/src/java/org/apache/avro/reflect/Stringable.java,34,0,0,0,0,0,0,0,0,0,false
6,lang/java/src/java/org/apache/avro/reflect/Union.java,39,0,0,0,0,0,0,0,0,0,false
6,lang/java/src/java/org/apache/avro/specific/FixedSize.java,36,0,0,0,0,0,0,0,0,0,false
6,lang/java/src/java/org/apache/avro/specific/ProtocolTask.java,79,0,0,0,0,0,0,0,0,0,false
6,lang/java/src/java/org/apache/avro/specific/SchemaTask.java,28,0,0,0,0,0,0,0,0,0,false
6,lang/java/src/java/org/apache/avro/specific/SpecificCompiler.java,422,0,0,0,0,0,0,0,0,0,false
6,lang/java/src/java/org/apache/avro/specific/SpecificData.java,212,0,0,0,0,0,0,0,0,0,false
6,lang/java/src/java/org/apache/avro/specific/SpecificDatumReader.java,88,0,0,0,0,0,0,0,0,0,false
6,lang/java/src/java/org/apache/avro/specific/SpecificDatumWriter.java,57,0,0,0,0,0,0,0,0,0,false
6,lang/java/src/java/org/apache/avro/specific/SpecificExceptionBase.java,43,0,0,0,0,0,0,0,0,0,false
6,lang/java/src/java/org/apache/avro/specific/SpecificFixed.java,27,0,0,0,0,0,0,0,0,0,false
6,lang/java/src/java/org/apache/avro/specific/SpecificRecord.java,25,0,0,0,0,0,0,0,0,0,false
6,lang/java/src/java/org/apache/avro/specific/SpecificRecordBase.java,53,0,0,0,0,0,0,0,0,0,false
6,lang/java/src/java/org/apache/avro/specific/SpecificRequestor.java,108,0,0,0,0,0,0,0,0,0,false
6,lang/java/src/java/org/apache/avro/specific/SpecificResponder.java,102,0,0,0,0,0,0,0,0,0,false
6,lang/java/src/java/org/apache/avro/tool/BinaryFragmentToJsonTool.java,85,0,0,0,0,0,0,0,0,0,false
6,lang/java/src/java/org/apache/avro/tool/DataFileGetSchemaTool.java,54,0,0,0,0,0,0,0,0,0,false
6,lang/java/src/java/org/apache/avro/tool/DataFileReadTool.java,78,0,0,0,0,0,0,0,0,0,false
6,lang/java/src/java/org/apache/avro/tool/DataFileWriteTool.java,98,0,0,0,0,0,0,0,0,0,false
6,lang/java/src/java/org/apache/avro/tool/GenAvroTool.java,78,0,0,0,0,0,0,0,0,0,false
6,lang/java/src/java/org/apache/avro/tool/JsonToBinaryFragmentTool.java,77,0,0,0,0,0,0,0,0,0,false
6,lang/java/src/java/org/apache/avro/tool/Main.java,97,0,0,0,0,0,0,0,0,0,false
6,lang/java/src/java/org/apache/avro/tool/RpcReceiveTool.java,176,0,0,0,0,0,0,0,0,0,false
6,lang/java/src/java/org/apache/avro/tool/RpcSendTool.java,123,0,0,0,0,0,0,0,0,0,false
6,lang/java/src/java/org/apache/avro/tool/Tool.java,51,0,0,0,0,0,0,0,0,0,false
6,lang/java/src/java/org/apache/avro/tool/Util.java,71,0,0,0,0,0,0,0,0,0,false
6,lang/java/src/java/org/apache/avro/util/Utf8.java,94,0,0,0,0,0,0,0,0,0,false
6,lang/java/src/test/java/org/apache/avro/AvroTestUtil.java,32,0,0,0,0,0,0,0,0,0,false
6,lang/java/src/test/java/org/apache/avro/BarRecord.java,51,0,0,0,0,0,0,0,0,0,false
6,lang/java/src/test/java/org/apache/avro/FooRecord.java,47,0,0,0,0,0,0,0,0,0,false
6,lang/java/src/test/java/org/apache/avro/GenerateBlockingData.java,85,0,0,0,0,0,0,0,0,0,false
6,lang/java/src/test/java/org/apache/avro/RPCMetaTestPlugin.java,177,0,0,0,0,0,0,0,0,0,false
6,lang/java/src/test/java/org/apache/avro/RandomData.java,141,0,0,0,0,0,0,0,0,0,false
6,lang/java/src/test/java/org/apache/avro/SimpleException.java,25,25,25,0,0,0,0,1,1,1,false
6,lang/java/src/test/java/org/apache/avro/TestBulkData.java,115,0,0,0,0,0,0,0,0,0,false
6,lang/java/src/test/java/org/apache/avro/TestCompare.java,240,0,0,0,0,0,0,0,0,0,false
6,lang/java/src/test/java/org/apache/avro/TestDataFile.java,240,0,0,0,0,0,0,0,0,0,false
6,lang/java/src/test/java/org/apache/avro/TestDataFileConcat.java,154,0,0,0,0,0,0,0,0,0,false
6,lang/java/src/test/java/org/apache/avro/TestDataFileDeflate.java,64,0,0,0,0,0,0,0,0,0,false
6,lang/java/src/test/java/org/apache/avro/TestDataFileMeta.java,75,0,0,0,0,0,0,0,0,0,false
6,lang/java/src/test/java/org/apache/avro/TestDataFileReflect.java,185,0,0,0,0,0,0,0,0,0,false
6,lang/java/src/test/java/org/apache/avro/TestNamespaceReflect.java,39,0,0,0,0,0,0,0,0,0,false
6,lang/java/src/test/java/org/apache/avro/TestNamespaceSpecific.java,91,0,0,0,0,0,0,0,0,0,false
6,lang/java/src/test/java/org/apache/avro/TestProtocolDatagram.java,42,0,0,0,0,0,0,0,0,0,false
6,lang/java/src/test/java/org/apache/avro/TestProtocolGeneric.java,195,0,0,0,0,0,0,0,0,0,false
6,lang/java/src/test/java/org/apache/avro/TestProtocolGenericMeta.java,42,0,0,0,0,0,0,0,0,0,false
6,lang/java/src/test/java/org/apache/avro/TestProtocolHttp.java,40,0,0,0,0,0,0,0,0,0,false
6,lang/java/src/test/java/org/apache/avro/TestProtocolParsing.java,42,0,0,0,0,0,0,0,0,0,false
6,lang/java/src/test/java/org/apache/avro/TestProtocolReflect.java,126,3,3,0,0,0,0,1,1,1,false
6,lang/java/src/test/java/org/apache/avro/TestProtocolReflectMeta.java,45,0,0,0,0,0,0,0,0,0,false
6,lang/java/src/test/java/org/apache/avro/TestProtocolSpecific.java,181,0,0,0,0,0,0,0,0,0,false
6,lang/java/src/test/java/org/apache/avro/TestProtocolSpecificMeta.java,46,0,0,0,0,0,0,0,0,0,false
6,lang/java/src/test/java/org/apache/avro/TestReflect.java,504,27,27,0,0,0,0,1,1,1,false
6,lang/java/src/test/java/org/apache/avro/TestSchema.java,616,0,0,0,0,0,0,0,0,0,false
6,lang/java/src/test/java/org/apache/avro/file/TestLengthLimitedInputStream.java,58,0,0,0,0,0,0,0,0,0,false
6,lang/java/src/test/java/org/apache/avro/genavro/TestGenAvro.java,157,0,0,0,0,0,0,0,0,0,false
6,lang/java/src/test/java/org/apache/avro/generic/TestGenericData.java,72,0,0,0,0,0,0,0,0,0,false
6,lang/java/src/test/java/org/apache/avro/generic/TestGenericDatumWriter.java,52,0,0,0,0,0,0,0,0,0,false
6,lang/java/src/test/java/org/apache/avro/io/Perf.java,574,0,0,0,0,0,0,0,0,0,false
6,lang/java/src/test/java/org/apache/avro/io/TestBinaryDecoder.java,402,0,0,0,0,0,0,0,0,0,false
6,lang/java/src/test/java/org/apache/avro/io/TestBlockingIO.java,475,0,0,0,0,0,0,0,0,0,false
6,lang/java/src/test/java/org/apache/avro/io/TestBlockingIO2.java,160,0,0,0,0,0,0,0,0,0,false
6,lang/java/src/test/java/org/apache/avro/io/TestEncoders.java,55,0,0,0,0,0,0,0,0,0,false
6,lang/java/src/test/java/org/apache/avro/io/TestResolvingIO.java,211,0,0,0,0,0,0,0,0,0,false
6,lang/java/src/test/java/org/apache/avro/io/TestResolvingIOResolving.java,170,0,0,0,0,0,0,0,0,0,false
6,lang/java/src/test/java/org/apache/avro/io/TestValidatingIO.java,852,0,0,0,0,0,0,0,0,0,false
6,lang/java/src/test/java/org/apache/avro/io/parsing/TestResolvingGrammarGenerator.java,93,0,0,0,0,0,0,0,0,0,false
6,lang/java/src/test/java/org/apache/avro/ipc/TestLocalTransceiver.java,64,0,0,0,0,0,0,0,0,0,false
6,lang/java/src/test/java/org/apache/avro/ipc/stats/FakeTicks.java,35,0,0,0,0,0,0,0,0,0,false
6,lang/java/src/test/java/org/apache/avro/ipc/stats/StatsPluginOverhead.java,103,0,0,0,0,0,0,0,0,0,false
6,lang/java/src/test/java/org/apache/avro/ipc/stats/TestHistogram.java,94,0,0,0,0,0,0,0,0,0,false
6,lang/java/src/test/java/org/apache/avro/ipc/stats/TestStatsPluginAndServlet.java,180,0,0,0,0,0,0,0,0,0,false
6,lang/java/src/test/java/org/apache/avro/ipc/stats/TestStopwatch.java,80,0,0,0,0,0,0,0,0,0,false
6,lang/java/src/test/java/org/apache/avro/specific/TestSpecificCompiler.java,241,0,0,0,0,0,0,0,0,0,false
6,lang/java/src/test/java/org/apache/avro/specific/TestSpecificData.java,41,0,0,0,0,0,0,0,0,0,false
6,lang/java/src/test/java/org/apache/avro/tool/TestDataFileTools.java,205,0,0,0,0,0,0,0,0,0,false
6,lang/java/src/test/java/org/apache/avro/tool/TestJsonToFromBinaryFragmentTools.java,66,0,0,0,0,0,0,0,0,0,false
6,lang/java/src/test/java/org/apache/avro/tool/TestMain.java,35,0,0,0,0,0,0,0,0,0,false
6,lang/java/src/test/java/org/apache/avro/tool/TestRpcReceiveAndSendTools.java,58,0,0,0,0,0,0,0,0,0,false
6,lang/java/src/test/java/org/apache/avro/util/TestUtf8.java,32,0,0,0,0,0,0,0,0,0,false